Workbook

Sheet Sheet1
A1: route_start | B1: route_dest | C1: CODE | D1: id | E1: from_alternateId | I1: to_alternateId
A2: Pula Airport | B2: Poreč | C2: PUY | D2: 16447 | E2: 26134 | G2: Poreč | H2: 15658 | I2: 25346
A3: Pula Airport | B3: Pula | C3: PUY | D3: 16447 | E3: 26134 | G3: Pula | H3: 14395 | I3: 24087
A4: Pula Airport | B4: Pula, Bus Terminal | C4: PUY | D4: 16447 | E4: 26134 | G4: Pula Bus Terminal | H4: 14395 | I4: 24087
A5: Pula Airport | B5: Pula, Ferry Port | C5: PUY | D5: 16447 | E5: 26134 | G5: Pula Ferry Port | H5: 29468 | I5: 39036
A6: Pula Airport | B6: Lovran | C6: PUY | D6: 16447 | E6: 26134 | G6: Lovran | H6: 15389 | I6: 25077
A7: Pula Airport | B7: Medulin | C7: PUY | D7: 16447 | E7: 26134 | G7: Medulin | H7: 16450 | I7: 26137
A8: Pula Airport | B8: Novigrad, Istra | C8: PUY | D8: 16447 | E8: 26134 | G8: Novigrad Istra | H8: 15558 | I8: 25246
A9: Pula Airport | B9: Opatija | C9: PUY | D9: 16447 | E9: 26134 | G9: Opatija | H9: 15656 | I9: 25344
A10: Pula Airport | B10: Premantura | C10: PUY | D10: 16447 | E10: 26134 | G10: Premantura | H10: 16451 | I10: 26138
A11: Pula Airport | B11: Rabac | C11: PUY | D11: 16447 | E11: 26134 | G11: Rabac | H11: 16448 | I11: 26135
A12: Pula Airport | B12: Rijeka | C12: PUY | D12: 16447 | E12: 26134 | G12: Rijeka | H12: 15365 | I12: 25053
A13: Pula Airport | B13: Rovinj | C13: PUY | D13: 16447 | E13: 26134 | G13: Rovinj | H13: 15660 | I13: 25348
... A3346: Olbia Airport | B3346: Alghero Airport | C3346: OLB | D3346: 16704 | E3346: 26390 | G3346: Alghero Airport | H3346: 16684 | I3346: 26370
A3347: Olbia Airport | B3347: Cagliari Airport | C3347: OLB | D3347: 16704 | E3347: 26390 | G3347: Cagliari Airport | H3347: 16640, | I3347: 26326
A3348: Olbia Airport | B3348: Aglientu | C3348: OLB | D3348: 16704 | E3348: 26390 | G3348: Aglientu | H3348: 28411 | I3348: 37984
A3349: Olbia Airport | B3349: Santa Teresa Di Gallura | C3349: OLB | D3349: 16704 | E3349: 26390 | G3349: Santa Teresa Di Gallura | H3349: 28944, | I3349: 38514
A3350: Olbia Airport | B3350: Tortoli | C3350: OLB | D3350: 16704 | E3350: 26390 | G3350: Tortoli | H3350: 16679 | I3350: 26365
A3351: Olbia Airport | B3351: La Marmorata | C3351: OLB | D3351: 16704 | E3351: 26390 | G3351: La Marmorata | H3351: 16748 | I3351: 26434
A3352: Olbia Airport | B3352: Baja Sardinia | C3352: OLB | D3352: 16704 | E3352: 26390 | G3352: Baja Sardinia | H3352: 16724 | I3352: 26410
A3353: Olbia Airport | B3353: Sorso | C3353: OLB | D3353: 16704 | E3353: 26390 | G3353: Sorso | H3353: 24220 | I3353: 33808
A3354: Olbia Airport | B3354: Puntaldia | C3354: OLB | D3354: 16704 | E3354: 26390 | G3354: Puntaldia | H3354: 16719 | I3354: 26405
A3355: Olbia Airport | B3355: Stintino | C3355: OLB | D3355: 16704 | E3355: 26390 | G3355: Stintino | H3355: 16699 | I3355: 26385
A3356: Olbia Airport | B3356: Marinella Di Selinunte | C3356: OLB | D3356: 16704 | E3356: 26390 | G3356: MarinelLa Di Selinunte | H3356: 16711 | I3356: 26397
A3357: Olbia Airport | B3357: Marina Di Portisco | C3357: OLB | D3357: 16704 | E3357: 26390 | G3357: Marina Di Portisco | H3357: 16712 | I3357: 26398
A3358: Olbia Airport | B3358: Sos Alinos | C3358: OLB | D3358: 16704 | E3358: 26390 | G3358: Sos Alinos | H3358: 16670 | I3358: 26356
A3359: Olbia Airport | B3359: Capo D'orso | C3359: OLB | D3359: 16704 | E3359: 26390 | G3359: Capo D'orso | H3359: 16735 | I3359: 26421
A3360: Olbia Airport | B3360: Siniscola | C3360: OLB | D3360: 16704 | E3360: 26390 | G3360: Siniscola | H3360: 16746 | I3360: 26432
A3361: Olbia Airport | B3361: Porto Istana | C3361: OLB | D3361: 16704 | E3361: 26390 | G3361: Porto Istana | H3361: 16706 | I3361: 26392
... A3372: Olbia Airport | B3372: Porto Taverna | C3372: OLB | D3372: 16704 | E3372: 26390 | G3372: Porto Taverna | H3372: 16713 | I3372: 26399
A3373: Olbia Port | B3373: Olbia Airport | C3373: OLB | D3373: 16704 | E3373: 26390 | G3373: Olbia Airport | H3373: 16691, | I3373: 26377
A3374: Rotterdam Airport | B3374: Antwerpen | C3374: RTM | D3374: 15563 | E3374: 25251 | G3374: Antwerpen | H3374: 12712 | I3374: 22413
A3375: Rotterdam Airport | B3375: Brielle | C3375: RTM | D3375: 15563 | E3375: 25251 | G3375: Brielle | H3375: 15565 | I3375: 25253
A3376: Rotterdam Airport | B3376: Camping Duinrell | C3376: RTM | D3376: 15563 | E3376: 25251 | G3376: Camping Duinrell | H3376: 15593 | I3376: 25281
A3377: Rotterdam Airport | B3377: Camping Koningshof Bv | C3377: RTM | D3377: 15563 | E3377: 25251 | G3377: Camping Koningshof Bv | H3377: 19045 | I3377: 28689
A3378: Rotterdam Airport | B3378: Dordrecht | C3378: RTM | D3378: 15563 | E3378: 25251 | G3378: Dordrecht | H3378: 15568 | I3378: 25256
A3379: Rotterdam Airport | B3379: Eindhoven | C3379: RTM | D3379: 15563 | E3379: 25251 | G3379: Eindhoven | H3379: 12717 | I3379: 22418
A3380: Rotterdam Airport | B3380: Gouda | C3380: RTM | D3380: 15563 | E3380: 25251 | G3380: Gouda | H3380: 15569 | I3380: 25257
A3381: Rotterdam Airport | B3381: Leiden | C3381: RTM | D3381: 15563 | E3381: 25251 | G3381: Leiden | H3381: 15572 | I3381: 25260
A3382: Rotterdam Airport | B3382: Naaldwijk | C3382: RTM | D3382: 15563 | E3382: 25251 | G3382: Naaldwijk | H3382: 15576 | I3382: 25264
A3383: Rotterdam Airport | B3383: Pijnacker | C3383: RTM | D3383: 15563 | E3383: 25251 | G3383: Pijnacker | H3383: 15577 | I3383: 25265
A3384: Rotterdam Airport | B3384: Poeldijk | C3384: RTM | D3384: 15563 | E3384: 25251 | G3384: Poeldijk | H3384: 15578 | I3384: 25266
A3385: Rotterdam Airport | B3385: Ridderkerk | C3385: RTM | D3385: 15563 | E3385: 25251 | G3385: Ridderkerk | H3385: 15772 | I3385: 25460
... A3404: Rotterdam Airport | B3404: Charleroi | C3404: RTM | D3404: 15563 | E3404: 25251 | G3404: Charleroi | H3404: 12725 | I3404: 22426
A3405: Amsterdam Schiphol Airport | B3405: Rotterdam Airport | C3405: AMS | D3405: 12709 | E3405: 22410 | G3405: Rotterdam Airport | H3405: 12720, | I3405: 22421
A3406: Alicante Airport | B3406: Albir | C3406: ALC | D3406: 13 | E3406: 10569 | G3406: Albir | H3406: 6 | I3406: 10001
A3407: Alicante Airport | B3407: Alicante | C3407: ALC | D3407: 13 | E3407: 10569 | G3407: Alicante | H3407: 29641 | I3407: 39209
A3408: Alicante Airport | B3408: Altea | C3408: ALC | D3408: 13 | E3408: 10569 | G3408: Altea | H3408: 18 | I3408: 10003
A3409: Alicante Airport | B3409: Benidorm | C3409: ALC | D3409: 13 | E3409: 10569 | G3409: Benidorm | H3409: 41 | I3409: 10004
A3410: Alicante Airport | B3410: Bonalba Golf | C3410: ALC | D3410: 13 | E3410: 10569 | G3410: Bonalba Golf | H3410: 10986 | I3410: 20697
A3411: Alicante Airport | B3411: Cabo Roig | C3411: ALC | D3411: 13 | E3411: 10569 | G3411: Cabo Roig | H3411: 49 | I3411: 10005
A3412: Alicante Airport | B3412: Calpe | C3412: ALC | D3412: 13 | E3412: 10569 | G3412: Calpe | H3412: 82 | I3412: 10006
A3413: Alicante Airport | B3413: Campoamor (Dehesa De Campoamor) | C3413: ALC | D3413: 13 | E3413: 10569 | G3413: Campoamor (Dehesa De Campoamor) | H3413: 11609 | I3413: 21318
A3414: Alicante Airport | B3414: Cartagena | C3414: ALC | D3414: 13 | E3414: 10569 | G3414: Cartagena | H3414: 95 | I3414: 10008
A3415: Alicante Airport | B3415: Ciudad Quesada | C3415: ALC | D3415: 13 | E3415: 10569 | G3415: Ciudad Quesada | H3415: 99 | I3415: 10009
A3416: Alicante Airport | B3416: Dénia | C3416: ALC | D3416: 13 | E3416: 10569 | G3416: Dénia | H3416: 113 | I3416: 10010
A3417: Alicante Airport | B3417: El Campello | C3417: ALC | D3417: 13 | E3417: 10569 | G3417: El Campello | H3417: 11565 | I3417: 21274
... A3423: Alicante Airport | B3423: Los Alcazeres | C3423: ALC | D3423: 13 | E3423: 10569 | G3423: Los Alcazeres | H3423: 12412 | I3423: 22114
A3424: Alicante Airport | B3424: Moraira, Moraira - Teulada | C3424: ALC | D3424: 13 | E3424: 10569 | G3424: Moraira Moraira - Teulada | H3424: 11631, | I3424: 21340
A3425: Alicante Airport | B3425: Murcia | C3425: ALC | D3425: 13 | E3425: 10569 | G3425: Murcia | H3425: 28853 | I3425: 38423
A3426: Alicante Airport | B3426: Mutxamel | C3426: ALC | D3426: 13 | E3426: 10569 | G3426: Mutxamel | H3426: 11581 | I3426: 21290
A3427: Alicante Airport | B3427: Orihuela Costa | C3427: ALC | D3427: 13 | E3427: 10569 | G3427: Orihuela Costa | H3427: 12508 | I3427: 22210
A3428: Alicante Airport | B3428: Pilar De La Horadada | C3428: ALC | D3428: 13 | E3428: 10569 | G3428: Pilar De La Horadada | H3428: 11626 | I3428: 21335
A3429: Alicante Airport | B3429: Playa Flamenca | C3429: ALC | D3429: 13 | E3429: 10569 | G3429: Playa Flamenca | H3429: 219 | I3429: 10024
A3430: Alicante Airport | B3430: Punta Prima (Murcia) | C3430: ALC | D3430: 13 | E3430: 10569 | G3430: Punta Prima (Murcia) | H3430: 193, | I3430: 10021
A3431: Alicante Airport | B3431: San Fulgencio | C3431: ALC | D3431: 13 | E3431: 10569 | G3431: San Fulgencio | H3431: 12416 | I3431: 22118
A3432: Alicante Airport | B3432: Torre De La Horadada | C3432: ALC | D3432: 13 | E3432: 10569 | G3432: Torre De La Horadada | H3432: 12700 | I3432: 22401
A3433: Alicante Airport | B3433: Torrevieja | C3433: ALC | D3433: 13 | E3433: 10569 | G3433: Torrevieja | H3433: 305 | I3433: 10030
A3434: Alicante Airport | B3434: Valencia | C3434: ALC | D3434: 13 | E3434: 10569 | G3434: Valencia | H3434: 312 | I3434: 10583
A3435: Alicante Airport | B3435: Elche | C3435: ALC | D3435: 13 | E3435: 10569 | G3435: Elche | H3435: 117 | I3435: 10012
A3436: Alicante Airport | B3436: La Zenia | C3436: ALC | D3436: 13 | E3436: 10569 | G3436: La Zenia | H3436: 10908 | I3436: 10904
A3437: Alicante Airport | B3437: Alfaz Del Pi | C3437: ALC | D3437: 13 | E3437: 10569 | G3437: Alfaz Del Pi | H3437: 10983 | I3437: 20695
A3438: Alicante Airport | B3438: La Manga Del Mar Menor | C3438: ALC | D3438: 13 | E3438: 10569 | G3438: La Manga Del Mar Menor | H3438: 160 | I3438: 10017
A3439: Alicante Airport | B3439: La Mata, Torre La Mata | C3439: ALC | D3439: 13 | E3439: 10569 | G3439: La Mata Torre La Mata | H3439: 11618 | I3439: 21327
A3440: Alicante Airport | B3440: Oliva | C3440: ALC | D3440: 13 | E3440: 10569 | G3440: Oliva | H3440: 197 | I3440: 10022
A3441: Alicante Airport | B3441: Rojales | C3441: ALC | D3441: 13 | E3441: 10569 | G3441: Rojales | H3441: 12415 | I3441: 22117
A3442: Alicante Airport | B3442: San Pedro Del Pinatar | C3442: ALC | D3442: 13 | E3442: 10569 | G3442: San Pedro Del Pinatar | H3442: 11629 | I3442: 21338
... A3456: Alicante Airport | B3456: La Nucia | C3456: ALC | D3456: 13 | E3456: 10569 | G3456: La Nucia | H3456: 163 | I3456: 10018
A3457: Alicante Airport | B3457: Xabia | C3457: ALC | D3457: 13 | E3457: 10569 | G3457: Xabia | H3457: 152, | I3457: 10015
A3458: Alicante Airport | B3458: Alicante Train Station | C3458: ALC | D3458: 13 | E3458: 10569 | G3458: Alicante Train Station | H3458: 30942 | I3458: 40506
A3459: Alicante Airport | B3459: Sanet y Negrals | C3459: ALC | D3459: 13 | E3459: 10569 | G3459: Sanet y Negrals | H3459: 29395 | I3459: 38963
A3460: Alicante Airport | B3460: Mojacar | C3460: ALC | D3460: 13 | E3460: 10569 | G3460: Mojacar | H3460: 187 | I3460: 10019
A3461: Alicante Airport | B3461: Mil Palmeras | C3461: ALC | D3461: 13 | E3461: 10569 | G3461: Mil Palmeras | H3461: 10994 | I3461: 20703
A3462: Alicante Airport | B3462: Punta Prima | C3462: ALC | D3462: 13 | E3462: 10569 | G3462: Punta Prima | H3462: 237 | I3462: 10355
A3463: Alicante Airport | B3463: Quesada | C3463: ALC | D3463: 13 | E3463: 10569 | G3463: Quesada | H3463: 99 | I3463: 10009
A3464: Alicante Airport | B3464: San Javier | C3464: ALC | D3464: 13 | E3464: 10569 | G3464: San Javier | H3464: 12417 | I3464: 22119
A3465: Alicante Airport | B3465: Pedreguer | C3465: ALC | D3465: 13 | E3465: 10569 | G3465: Pedreguer | H3465: 11625 | I3465: 21334
A3466: Alicante Airport | B3466: L'Altet | C3466: ALC | D3466: 13 | E3466: 10569 | G3466: L'Altet | H3466: 33137 | I3466: 42692
A3467: Alicante Airport | B3467: Busot | C3467: ALC | D3467: 13 | E3467: 10569 | G3467: Busot | H3467: 13646 | I3467: 23344
A3468: Alicante Airport | B3468: Sant Joan D'alacant | C3468: ALC | D3468: 13 | E3468: 10569 | G3468: Sant Joan D'alacant | H3468: 256 | I3468: 10029
A3469: Alicante Airport | B3469: Roquetas De Mar | C3469: ALC | D3469: 13 | E3469: 10569 | G3469: Roquetas De Mar | H3469: 243 | I3469: 10027
... A3518: Girona Airport | B3518: Barcelona | C3518: GRO | D3518: 138 | E3518: 10100 | G3518: Barcelona | H3518: 32 | I3518: 10571
A3519: Girona Airport | B3519: Barcelona Cruise Port (Moll De Barcelona) | C3519: GRO | D3519: 138 | E3519: 10100 | G3519: Barcelona Cruise Port (Moll De Barcelona) | H3519: 33, | I3519: 10076
A3520: Girona Airport | B3520: Begur | C3520: GRO | D3520: 138 | E3520: 10100 | G3520: Begur | H3520: 34 | I3520: 10078
A3521: Girona Airport | B3521: Blanes | C3521: GRO | D3521: 138 | E3521: 10100 | G3521: Blanes | H3521: 45 | I3521: 10080
A3522: Girona Airport | B3522: Cadaqués | C3522: GRO | D3522: 138 | E3522: 10100 | G3522: Cadaqués | H3522: 50 | I3522: 10082
A3523: Girona Airport | B3523: Calella De Palafrugell | C3523: GRO | D3523: 138 | E3523: 10100 | G3523: Calella De Palafrugell | H3523: 80 | I3523: 10086
A3524: Girona Airport | B3524: Calonge | C3524: GRO | D3524: 138 | E3524: 10100 | G3524: Calonge | H3524: 81 | I3524: 10087
A3525: Girona Airport | B3525: Camping Cala Gogo (Calonge) | C3525: GRO | D3525: 138 | E3525: 10100 | G3525: Camping Cala Gogo (Calonge) | H3525: 13499 | I3525: 23199
A3526: Girona Airport | B3526: Camping Castell Montgrí | C3526: GRO | D3526: 138 | E3526: 10100 | G3526: Camping Castell Montgrí | H3526: 19050 | I3526: 28694
...

Sheet Sheet2
A1: Route start
A2: Pula Airport | B2: PUY
A3: Trieste Airport | B3: TRS
A4: Venice Marco Polo Airport | B4: VCE
A5: Rijeka, Ferry Port
A6: Portorož
A7: Rakalj
A8: Prizna
A9: Bled
A10: Rijeka Airport | B10: RJK
A11: Vienna Airport | B11: VIE
A12: Trieste Train Station
A13: Zagreb
A14: Pazin
A15: Zagreb Airport | B15: ZAG
A16: Mali Lošinj
A17: Budapest Airport | B17: BUD
A18: Split Airport | B18: SPU
A19: Prijedor
A20: Dubrovnik Airport | B20: DBV
A21: Zadar Airport | B21: ZAD
A22: Sarajevo Airport | B22: SJJ
A23: Blato, Korčula
A24: Gata
A25: Viganj
A26: Neum
A27: Tivat Airport | B27: TIV
A28: Stari Bar
A29: Kumbor
A30: Prague Airport | B30: PRG
A31: Bratislava Airport | B31: BTS
A32: Dresden
A33: Mikulov
A34: Oberlech
A35: Maribor
A36: Munich
A37: Nove Mesto, Slovakia
A38: Ljubljana Airport | B38: LJU
A39: Salzburg Airport | B39: SZG
A40: Hopfgarten Im Brixental
A41: St Margarethen Im Lungau
A42: Mauterndorf
A43: Innsbruck Airport | B43: INN
A44: Munich Airport | B44: MUC
A45: Brixen
A46: Füssen
A47: Frankfurt Am Main Airport | B47: FRA
A48: Geneva Airport | B48: GVA
A49: Basel Airport | B49: BSL
A50: Grenoble Airport | B50: GNB
A51: Lyon Airport | B51: LYS
A52: Zurich Airport | B52: ZRH | C52: ZRH
A53: Chambery Airport | B53: CMF | C53: #N/A
A54: Prévessin-Moëns | C54: #N/A | E54: =VLOOKUP(A54,Sheet3!$H:$I,2,FALSE) -> #N/A
A55: Port-Valais | C55: #N/A | E55: =VLOOKUP(A55,Sheet3!$H:$I,2,FALSE) -> #N/A
A56: Breuil Cervinia | C56: #N/A | E56: =VLOOKUP(A56,Sheet3!$H:$I,2,FALSE) -> #N/A
A57: Meyrin | C57: #N/A | E57: =VLOOKUP(A57,Sheet3!$H:$I,2,FALSE) -> #N/A
A58: Unterseen | C58: #N/A | E58: =VLOOKUP(A58,Sheet3!$H:$I,2,FALSE) -> #N/A
A59: Annemasse Train Station | C59: #N/A | E59: =VLOOKUP(A59,Sheet3!$H:$I,2,FALSE) -> #N/A
A60: Ornex | C60: #N/A | E60: =VLOOKUP(A60,Sheet3!$H:$I,2,FALSE) -> #N/A
A61: Bern | C61: #N/A | E61: =VLOOKUP(A61,Sheet3!$H:$I,2,FALSE) -> #N/A
A62: Bozel | C62: #N/A | E62: =VLOOKUP(A62,Sheet3!$H:$I,2,FALSE) -> #N/A
A63: La Tour-De-Peilz | C63: #N/A | E63: =VLOOKUP(A63,Sheet3!$H:$I,2,FALSE) -> #N/A
A64: Wettingen | C64: #N/A | E64: =VLOOKUP(A64,Sheet3!$H:$I,2,FALSE) -> #N/A
A65: Opfikon | C65: #N/A | E65: =VLOOKUP(A65,Sheet3!$H:$I,2,FALSE) -> #N/A
... A75: Stäfa | C75: #N/A | E75: =VLOOKUP(A75,Sheet3!$H:$I,2,FALSE) -> #N/A
A76: Memmingen Airport | B76: FMM | C76: FMM | E76: =VLOOKUP(A76,Sheet3!$H:$I,2,FALSE) -> #N/A
A77: Karlsruhe Airport | B77: BSB | C77: #N/A | E77: =VLOOKUP(A77,Sheet3!$H:$I,2,FALSE) -> BSB
A78: Fellbach | C78: #N/A | E78: =VLOOKUP(A78,Sheet3!$H:$I,2,FALSE) -> #N/A
A79: Innsbruck | B79: INN | C79: #N/A | E79: =VLOOKUP(A79,Sheet3!$H:$I,2,FALSE) -> INN
A80: Linz | B80: LNZ | C80: #N/A | E80: =VLOOKUP(A80,Sheet3!$H:$I,2,FALSE) -> LNZ
A81: Fürstenfeldbruck | C81: #N/A | E81: =VLOOKUP(A81,Sheet3!$H:$I,2,FALSE) -> #N/A
A82: Unterhaching | C82: #N/A | E82: =VLOOKUP(A82,Sheet3!$H:$I,2,FALSE) -> #N/A
A83: Moosburg | C83: #N/A | E83: =VLOOKUP(A83,Sheet3!$H:$I,2,FALSE) -> #N/A
A84: Hinterthal | C84: #N/A | E84: =VLOOKUP(A84,Sheet3!$H:$I,2,FALSE) -> #N/A
A85: Vaterstetten | C85: #N/A | E85: =VLOOKUP(A85,Sheet3!$H:$I,2,FALSE) -> #N/A
A86: Wunsiedel | C86: #N/A | E86: =VLOOKUP(A86,Sheet3!$H:$I,2,FALSE) -> #N/A
A87: Passau Port | C87: #N/A | E87: =VLOOKUP(A87,Sheet3!$H:$I,2,FALSE) -> #N/A
A88: Milan Malpensa Airport | B88: MXP | C88: MXP | E88: =VLOOKUP(A88,Sheet3!$H:$I,2,FALSE) -> #N/A
A89: Genoa Airport | B89: GOA | C89: GOA | E89: =VLOOKUP(A89,Sheet3!$H:$I,2,FALSE) -> #N/A
A90: Milan Bergamo Airport | B90: BGY | C90: #N/A | E90: =VLOOKUP(A90,Sheet3!$H:$I,2,FALSE) -> #N/A
A91: Gallarate | C91: #N/A | E91: =VLOOKUP(A91,Sheet3!$H:$I,2,FALSE) -> #N/A
A92: Serravale Scrivia | C92: #N/A | E92: =VLOOKUP(A92,Sheet3!$H:$I,2,FALSE) -> #N/A
A93: Milan Central Train Station | B93: None | C93: None | E93: =VLOOKUP(A93,Sheet3!$H:$I,2,FALSE) -> #N/A
A94: Nice Airport | B94: NCE | C94: NCE | E94: =VLOOKUP(A94,Sheet3!$H:$I,2,FALSE) -> #N/A
A95: Ravenna | C95: #N/A | E95: =VLOOKUP(A95,Sheet3!$H:$I,2,FALSE) -> #N/A
A96: Busto Arsizio | C96: #N/A | E96: =VLOOKUP(A96,Sheet3!$H:$I,2,FALSE) -> #N/A
A97: Florence Airport | B97: FLR | C97: FLR | E97: =VLOOKUP(A97,Sheet3!$H:$I,2,FALSE) -> #N/A
A98: Florence Train Station | C98: #N/A | E98: =VLOOKUP(A98,Sheet3!$H:$I,2,FALSE) -> #N/A
A99: Besozzo | C99: #N/A | E99: =VLOOKUP(A99,Sheet3!$H:$I,2,FALSE) -> #N/A
A100: Pontresina | C100: #N/A | E100: =VLOOKUP(A100,Sheet3!$H:$I,2,FALSE) -> #N/A
A101: Portofino | C101: #N/A | E101: =VLOOKUP(A101,Sheet3!$H:$I,2,FALSE) -> #N/A
A102: Lugano Airport | B102: LUG | C102: #N/A | E102: =VLOOKUP(A102,Sheet3!$H:$I,2,FALSE) -> #N/A
A103: Nesso | C103: #N/A | E103: =VLOOKUP(A103,Sheet3!$H:$I,2,FALSE) -> #N/A
A104: Lenno | C104: #N/A | E104: =VLOOKUP(A104,Sheet3!$H:$I,2,FALSE) -> #N/A
A105: Camogli | C105: #N/A | E105: =VLOOKUP(A105,Sheet3!$H:$I,2,FALSE) -> #N/A
A106: Porto Corsini | C106: #N/A | E106: =VLOOKUP(A106,Sheet3!$H:$I,2,FALSE) -> #N/A
A107: Verona Villafranca Airport | B107: VRN | C107: VRN | E107: =VLOOKUP(A107,Sheet3!$H:$I,2,FALSE) -> #N/A
A108: Chiasso Train Station | C108: #N/A | E108: =VLOOKUP(A108,Sheet3!$H:$I,2,FALSE) -> #N/A
A109: Sesto Calende | C109: #N/A | E109: =VLOOKUP(A109,Sheet3!$H:$I,2,FALSE) -> #N/A
...

Sheet Sheet3
A1: Alicante airport | B1: Alicante Airport | C1: ALC | D1: 13 | E1: 10569 | H1: =VLOOKUP(C1,Sheet4!$C:$D,2,FALSE) -> Aviador C. Campos Airport | I1: ALC
A2: Almeria airport | B2: Almeria Airport | C2: LEI | D2: 15 | E2: 10570 | H2: =VLOOKUP(C2,Sheet4!$C:$D,2,FALSE) -> #N/A | I2: #N/A
A3: Barcelona airport | B3: Barcelona Airport | C3: BCN | D3: 32 | E3: 10571 | H3: =VLOOKUP(C3,Sheet4!$C:$D,2,FALSE) -> Barcelona | I3: BCN
A4: Girona airport | B4: Girona Airport | C4: GRO | D4: 138 | E4: 10100 | H4: =VLOOKUP(C4,Sheet4!$C:$D,2,FALSE) -> #N/A | I4: #N/A
A5: Granada airport | B5: Granada Airport | C5: GRX | D5: 141 | E5: 10573 | H5: =VLOOKUP(C5,Sheet4!$C:$D,2,FALSE) -> #N/A | I5: #N/A
A6: Ibiza airport | B6: Ibiza Airport | C6: IBZ | D6: 146 | E6: 10574 | H6: =VLOOKUP(C6,Sheet4!$C:$D,2,FALSE) -> #N/A | I6: #N/A
A7: Jerez airport | B7: Jerez Airport | C7: XRY | D7: 153 | E7: 10575 | H7: =VLOOKUP(C7,Sheet4!$C:$D,2,FALSE) -> #N/A | I7: #N/A
A8: Madrid airport | B8: Madrid Airport | C8: MAD | D8: 173 | E8: 10576 | H8: =VLOOKUP(C8,Sheet4!$C:$D,2,FALSE) -> Madrid | I8: MAD
A9: Malaga airport | B9: Malaga Airport | C9: AGP | D9: 177 | E9: 10577 | H9: =VLOOKUP(C9,Sheet4!$C:$D,2,FALSE) -> Malaga | I9: AGP
A10: Menorca airport | B10: Menorca Airport | C10: MAH | D10: 182 | E10: 10578 | H10: =VLOOKUP(C10,Sheet4!$C:$D,2,FALSE) -> #N/A | I10: #N/A
A11: Murcia airport | B11: Murcia Airport | C11: RMU | D11: 194 | E11: 10579 | H11: =VLOOKUP(C11,Sheet4!$C:$D,2,FALSE) -> #N/A | I11: #N/A
A12: Mallorca airport | B12: Mallorca Airport | C12: PMI | D12: 204 | E12: 10580 | H12: =VLOOKUP(C12,Sheet4!$C:$D,2,FALSE) -> Palma | I12: PMI
A13: Reus airport | B13: Reus Airport | C13: REU | D13: 240 | E13: 10581 | H13: =VLOOKUP(C13,Sheet4!$C:$D,2,FALSE) -> #N/A | I13: #N/A
A14: Seville airport | B14: Seville Airport | C14: SVQ | D14: 279 | E14: 10582 | H14: =VLOOKUP(C14,Sheet4!$C:$D,2,FALSE) -> #N/A | I14: #N/A
A15: Valencia airport | B15: Valencia Airport | C15: VLC | D15: 312 | E15: 10583 | H15: =VLOOKUP(C15,Sheet4!$C:$D,2,FALSE) -> #N/A | I15: #N/A
A16: Paris Beauvais airport | B16: Paris Beauvais Airport | C16: BVA | D16: 364 | E16: 10625 | H16: =VLOOKUP(C16,Sheet4!$C:$D,2,FALSE) -> #N/A | I16: #N/A
A17: Paris Charles de Gaulle airport | B17: Paris Charles de Gaulle Airport | C17: CDG | D17: 365 | E17: 10626 | H17: =VLOOKUP(C17,Sheet4!$C:$D,2,FALSE) -> Paris | I17: CDG
A18: Paris Orly airport | B18: Paris Orly Airport | C18: ORY | D18: 366 | E18: 10627 | H18: =VLOOKUP(C18,Sheet4!$C:$D,2,FALSE) -> #N/A | I18: #N/A
A19: Chambéry airport | B19: Chambéry Airport | C19: CMF | D19: 406 | E19: 10667 | H19: =VLOOKUP(C19,Sheet4!$C:$D,2,FALSE) -> #N/A | I19: #N/A
A20: Geneva airport | B20: Geneva Airport | C20: GVA | D20: 407 | E20: 10668 | H20: =VLOOKUP(C20,Sheet4!$C:$D,2,FALSE) -> Geneva | I20: GVA
A21: Lyon airport | B21: Lyon Airport | C21: LYS | D21: 408 | E21: 10669 | H21: =VLOOKUP(C21,Sheet4!$C:$D,2,FALSE) -> Lyon | I21: LYS
A22: Grenoble airport | B22: Grenoble Airport | C22: GNB | D22: 409 | E22: 10670 | H22: =VLOOKUP(C22,Sheet4!$C:$D,2,FALSE) -> #N/A | I22: #N/A
A23: Lisbon airport | B23: Lisbon Airport | C23: LIS | D23: 540 | E23: 10800 | H23: =VLOOKUP(C23,Sheet4!$C:$D,2,FALSE) -> Lisbon | I23: LIS
A24: Faro airport | B24: Faro Airport | C24: FAO | D24: 549 | E24: 10809 | H24: =VLOOKUP(C24,Sheet4!$C:$D,2,FALSE) -> #N/A | I24: #N/A
A25: Annecy airport | B25: Annecy Airport | C25: NCY | D25: 550 | E25: 10810 | H25: =VLOOKUP(C25,Sheet4!$C:$D,2,FALSE) -> #N/A | I25: #N/A
A26: Nice airport | B26: Nice Airport | C26: NCE | D26: 551 | E26: 10811 | H26: =VLOOKUP(C26,Sheet4!$C:$D,2,FALSE) -> #N/A | I26: #N/A
A27: Antalya airport | B27: Antalya Airport | C27: AYT | D27: 10906 | E27: 10902 | H27: =VLOOKUP(C27,Sheet4!$C:$D,2,FALSE) -> #N/A | I27: #N/A
A28: Malta airport | B28: Malta Airport | C28: MLA | D28: 10981 | E28: 10977 | H28: =VLOOKUP(C28,Sheet4!$C:$D,2,FALSE) -> Malta International Airport | I28: MLA
A29: Marrakech airport | B29: Marrakech Airport | C29: RAK | D29: 11001 | E29: 20710 | H29: =VLOOKUP(C29,Sheet4!$C:$D,2,FALSE) -> #N/A | I29: #N/A
A30: San Sebastián airport | B30: San Sebastián Airport | C30: EAS | D30: 11010 | E30: 20719 | H30: =VLOOKUP(C30,Sheet4!$C:$D,2,FALSE) -> San Sebastian Airport | I30: EAS
A31: Bilbao airport | B31: Bilbao Airport | C31: BIO | D31: 11020 | E31: 20729 | H31: =VLOOKUP(C31,Sheet4!$C:$D,2,FALSE) -> #N/A | I31: #N/A
A32: Santander airport | B32: Santander Airport | C32: SDR | D32: 11055 | E32: 20764 | H32: =VLOOKUP(C32,Sheet4!$C:$D,2,FALSE) -> #N/A | I32: #N/A
A33: Rhodes airport | B33: Rhodes Airport | C33: RHO | D33: 11642 | E33: 21351 | H33: =VLOOKUP(C33,Sheet4!$C:$D,2,FALSE) -> #N/A | I33: #N/A
A34: Kos airport | B34: Kos Airport | C34: KGS | D34: 11664 | E34: 21373 | H34: =VLOOKUP(C34,Sheet4!$C:$D,2,FALSE) -> #N/A | I34: #N/A
A35: Corfu airport | B35: Corfu Airport | C35: CFU | D35: 11677 | E35: 21386 | H35: =VLOOKUP(C35,Sheet4!$C:$D,2,FALSE) -> #N/A | I35: #N/A
A36: Casablanca airport | B36: Casablanca Airport | C36: CMN | D36: 11728 | E36: 21437 | H36: =VLOOKUP(C36,Sheet4!$C:$D,2,FALSE) -> #N/A | I36: #N/A
A37: Fez airport | B37: Fez Airport | C37: FEZ | D37: 11734 | E37: 21443 | H37: =VLOOKUP(C37,Sheet4!$C:$D,2,FALSE) -> #N/A | I37: #N/A
A38: Ouarzazate airport | B38: Ouarzazate Airport | C38: OZZ | D38: 11744 | E38: 21453 | H38: =VLOOKUP(C38,Sheet4!$C:$D,2,FALSE) -> #N/A | I38: #N/A
A39: Rabat airport | B39: Rabat Airport | C39: RBA | D39: 11745 | E39: 21454 | H39: =VLOOKUP(C39,Sheet4!$C:$D,2,FALSE) -> #N/A | I39: #N/A
A40: Agadir airport | B40: Agadir Airport | C40: AGA | D40: 11746 | E40: 21455 | H40: =VLOOKUP(C40,Sheet4!$C:$D,2,FALSE) -> #N/A | I40: #N/A
A41: Tangier airport | B41: Tangier Airport | C41: TNG | D41: 11747 | E41: 21456 | H41: =VLOOKUP(C41,Sheet4!$C:$D,2,FALSE) -> #N/A | I41: #N/A
A42: Kefalonia airport | B42: Kefalonia Airport | C42: EFL | D42: 11764 | E42: 21473 | H42: =VLOOKUP(C42,Sheet4!$C:$D,2,FALSE) -> #N/A | I42: #N/A
A43: Paphos airport | B43: Paphos Airport | C43: PFO | D43: 11795 | E43: 21504 | H43: =VLOOKUP(C43,Sheet4!$C:$D,2,FALSE) -> Pafos | I43: PFO
A44: Larnaca airport | B44: Larnaca Airport | C44: LCA | D44: 11809 | E44: 21518 | H44: =VLOOKUP(C44,Sheet4!$C:$D,2,FALSE) -> #N/A | I44: #N/A
A45: Athens airport | B45: Athens Airport | C45: ATH | D45: 11823 | E45: 21532 | H45: =VLOOKUP(C45,Sheet4!$C:$D,2,FALSE) -> #N/A | I45: #N/A
A46: Venice Treviso airport | B46: Venice Treviso Airport | C46: TSF | D46: 11856 | E46: 21565 | H46: =VLOOKUP(C46,Sheet4!$C:$D,2,FALSE) -> #N/A | I46: #N/A
A47: Trieste airport | B47: Trieste Airport | C47: TRS | D47: 11928 | E47: 21637 | H47: =VLOOKUP(C47,Sheet4!$C:$D,2,FALSE) -> #N/A | I47: #N/A
A48: Venice Marco Polo airport | B48: Venice Marco Polo Airport | C48: VCE | D48: 11941 | E48: 21648 | H48: =VLOOKUP(C48,Sheet4!$C:$D,2,FALSE) -> #N/A | I48: #N/A
A49: Trapani airport | B49: Trapani Airport | C49: TPS | D49: 11944 | E49: 21651 | H49: =VLOOKUP(C49,Sheet4!$C:$D,2,FALSE) -> #N/A | I49: #N/A
A50: Palermo airport | B50: Palermo Airport | C50: PMO | D50: 11954 | E50: 21661 | H50: =VLOOKUP(C50,Sheet4!$C:$D,2,FALSE) -> #N/A | I50: #N/A
A51: Béziers airport | B51: Béziers Airport | C51: BZR | D51: 11965 | E51: 21672 | H51: =VLOOKUP(C51,Sheet4!$C:$D,2,FALSE) -> #N/A | I51: #N/A
A52: Montpellier airport | B52: Montpellier Airport | C52: MPL | D52: 11972 | E52: 21679 | H52: =VLOOKUP(C52,Sheet4!$C:$D,2,FALSE) -> #N/A | I52: #N/A
A53: Perpignan airport | B53: Perpignan Airport | C53: PGF | D53: 11975 | E53: 21682 | H53: =VLOOKUP(C53,Sheet4!$C:$D,2,FALSE) -> #N/A | I53: #N/A
A54: Carcassonne airport | B54: Carcassonne Airport | C54: CCF | D54: 11989 | E54: 21696 | H54: =VLOOKUP(C54,Sheet4!$C:$D,2,FALSE) -> #N/A | I54: #N/A
A55: Toulouse airport | B55: Toulouse Airport | C55: TLS | D55: 11997 | E55: 21704 | H55: =VLOOKUP(C55,Sheet4!$C:$D,2,FALSE) -> #N/A | I55: #N/A
... A60: Milan Linate airport | B60: Milan Linate Airport | C60: LIN | D60: 12044 | E60: 21751 | H60: =VLOOKUP(C60,Sheet4!$C:$D,2,FALSE) -> #N/A | I60: #N/A
A61: Milan Malpensa airport | B61: Milan Malpensa Airport | C61: MXP | D61: 12045 | E61: 21752 | H61: =VLOOKUP(C61,Sheet4!$C:$D,2,FALSE) -> Milan | I61: MXP
A62: Verona Brescia Montichiari airport | B62: Verona Brescia Montichiari Airport | C62: VBS | D62: 12047 | E62: 21754 | H62: =VLOOKUP(C62,Sheet4!$C:$D,2,FALSE) -> #N/A | I62: #N/A
A63: Milan Bergamo airport | B63: Milan Bergamo Airport | C63: BGY | D63: 12048 | E63: 21755 | H63: =VLOOKUP(C63,Sheet4!$C:$D,2,FALSE) -> #N/A | I63: #N/A
A64: Innsbruck airport | B64: Innsbruck Airport | C64: INN | D64: 12094 | E64: 21800 | H64: =VLOOKUP(C64,Sheet4!$C:$D,2,FALSE) -> Innsbruck | I64: INN
A65: Munich airport | B65: Munich Airport | C65: MUC | D65: 12095 | E65: 21801 | H65: =VLOOKUP(C65,Sheet4!$C:$D,2,FALSE) -> #N/A | I65: #N/A
A66: Porto airport | B66: Porto Airport | C66: OPO | D66: 12104 | E66: 21810 | H66: =VLOOKUP(C66,Sheet4!$C:$D,2,FALSE) -> Porto Airport | I66: OPO
A67: Prague airport | B67: Prague Airport | C67: PRG | D67: 12143 | E67: 21849 | H67: =VLOOKUP(C67,Sheet4!$C:$D,2,FALSE) -> Prague | I67: PRG
A68: Turin airport | B68: Turin Airport | C68: TRN | D68: 12266 | E68: 21968 | H68: =VLOOKUP(C68,Sheet4!$C:$D,2,FALSE) -> #N/A | I68: #N/A
A69: Sofia airport | B69: Sofia Airport | C69: SOF | D69: 12361 | E69: 22063 | H69: =VLOOKUP(C69,Sheet4!$C:$D,2,FALSE) -> Sofia Airport | I69: SOF
A70: Plovdiv airport | B70: Plovdiv Airport | C70: PDV | D70: 12362 | E70: 22064 | H70: =VLOOKUP(C70,Sheet4!$C:$D,2,FALSE) -> #N/A | I70: #N/A
A71: Burgas airport | B71: Burgas Airport | C71: BOJ | D71: 12363 | E71: 22065 | H71: =VLOOKUP(C71,Sheet4!$C:$D,2,FALSE) -> #N/A | I71: #N/A
A72: Varna airport | B72: Varna Airport | C72: VAR | D72: 12364 | E72: 22066 | H72: =VLOOKUP(C72,Sheet4!$C:$D,2,FALSE) -> #N/A | I72: #N/A
A73: Madeira airport | B73: Madeira Airport | C73: FNC | D73: 12431 | E73: 22133 | H73: =VLOOKUP(C73,Sheet4!$C:$D,2,FALSE) -> Madeira Funchal Airport | I73: FNC
A74: Catania airport | B74: Catania Airport | C74: CTA | D74: 12613 | E74: 22315 | H74: =VLOOKUP(C74,Sheet4!$C:$D,2,FALSE) -> Catania | I74: CTA
A75: Gran Canaria airport | B75: Gran Canaria Airport | C75: LPA | D75: 12639 | E75: 22341 | H75: =VLOOKUP(C75,Sheet4!$C:$D,2,FALSE) -> Las Palmas de Gran Canaria | I75: LPA
A76: Biarritz airport | B76: Biarritz Airport | C76: BIQ | D76: 12670 | E76: 22371 | H76: =VLOOKUP(C76,Sheet4!$C:$D,2,FALSE) -> #N/A | I76: #N/A
A77: Amsterdam airport | B77: Amsterdam Airport | C77: AMS | D77: 12709 | E77: 22410 | H77: =VLOOKUP(C77,Sheet4!$C:$D,2,FALSE) -> Amsterdam Schiphol Airport | I77: AMS
A78: Brussels Zaventem airport | B78: Brussels Zaventem Airport | C78: BRU | D78: 12714 | E78: 22415 | H78: =VLOOKUP(C78,Sheet4!$C:$D,2,FALSE) -> Brussels Airport | I78: BRU
A79: Brussels South Charleroi airport | B79: Brussels South Charleroi Airport | C79: CRL | D79: 12725 | E79: 22426 | H79: =VLOOKUP(C79,Sheet4!$C:$D,2,FALSE) -> #N/A | I79: #N/A
A80: Lille airport | B80: Lille Airport | C80: LIL | D80: 12734 | E80: 22435 | H80: =VLOOKUP(C80,Sheet4!$C:$D,2,FALSE) -> #N/A | I80: #N/A
A81: Strasbourg airport | B81: Strasbourg Airport | C81: SXB | D81: 12742 | E81: 22443 | H81: =VLOOKUP(C81,Sheet4!$C:$D,2,FALSE) -> #N/A | I81: #N/A
A82: Basel airport | B82: Basel Airport | C82: BSL | D82: 12745 | E82: 22446 | H82: =VLOOKUP(C82,Sheet4!$C:$D,2,FALSE) -> #N/A | I82: #N/A
A83: Ercan airport | B83: Ercan Airport | C83: ECN | D83: 12775 | E83: 22476 | H83: =VLOOKUP(C83,Sheet4!$C:$D,2,FALSE) -> #N/A | I83: #N/A
A84: Shannon airport | B84: Shannon Airport | C84: SNN | D84: 12817 | E84: 22518 | H84: =VLOOKUP(C84,Sheet4!$C:$D,2,FALSE) -> #N/A | I84: #N/A
A85: Dublin airport | B85: Dublin Airport | C85: DUB | D85: 12818 | E85: 22519 | H85: =VLOOKUP(C85,Sheet4!$C:$D,2,FALSE) -> #N/A | I85: #N/A
A86: Cork airport | B86: Cork Airport | C86: ORK | D86: 12819 | E86: 22520 | H86: =VLOOKUP(C86,Sheet4!$C:$D,2,FALSE) -> #N/A | I86: #N/A
A87: Kerry airport | B87: Kerry Airport | C87: KIR | D87: 12820 | E87: 22521 | H87: =VLOOKUP(C87,Sheet4!$C:$D,2,FALSE) -> #N/A | I87: #N/A
A88: Salzburg airport | B88: Salzburg Airport | C88: SZG | D88: 12821 | E88: 22522 | H88: =VLOOKUP(C88,Sheet4!$C:$D,2,FALSE) -> #N/A | I88: #N/A
A89: Dalaman airport | B89: Dalaman Airport | C89: DLM | D89: 12863 | E89: 22564 | H89: =VLOOKUP(C89,Sheet4!$C:$D,2,FALSE) -> #N/A | I89: #N/A
A90: Milas-Bodrum airport | B90: Milas-Bodrum Airport | C90: BJV | D90: 12884 | E90: 22585 | H90: =VLOOKUP(C90,Sheet4!$C:$D,2,FALSE) -> Milas Bodrum Airport | I90: BJV
A91: Istanbul Sabiha Gokcen airport | B91: Istanbul Sabiha Gokcen Airport | C91: SAW | D91: 12941 | E91: 22642 | H91: =VLOOKUP(C91,Sheet4!$C:$D,2,FALSE) -> #N/A | I91: #N/A
A92: Izmir airport | B92: Izmir Airport | C92: ADB | D92: 12942 | E92: 22643 | H92: =VLOOKUP(C92,Sheet4!$C:$D,2,FALSE) -> #N/A | I92: #N/A
A93: Bremen airport | B93: Bremen Airport | C93: BRE | D93: 13068 | E93: 22769 | H93: =VLOOKUP(C93,Sheet4!$C:$D,2,FALSE) -> #N/A | I93: #N/A
A94: Waterford airport | B94: Waterford Airport | C94: WAT | D94: 13107 | E94: 22807 | H94: =VLOOKUP(C94,Sheet4!$C:$D,2,FALSE) -> #N/A | I94: #N/A
A95: Knock airport | B95: Knock Airport | C95: NOC | D95: 13116 | E95: 22816 | H95: =VLOOKUP(C95,Sheet4!$C:$D,2,FALSE) -> #N/A | I95: #N/A
A96: Dortmund airport | B96: Dortmund Airport | C96: DTM | D96: 13135 | E96: 22835 | H96: =VLOOKUP(C96,Sheet4!$C:$D,2,FALSE) -> #N/A | I96: #N/A
A97: Tenerife North airport | B97: Tenerife North Airport | C97: TFN | D97: 13180 | E97: 22880 | H97: =VLOOKUP(C97,Sheet4!$C:$D,2,FALSE) -> #N/A | I97: #N/A
A98: Tenerife South airport | B98: Tenerife South Airport | C98: TFS | D98: 13229 | E98: 22929 | H98: =VLOOKUP(C98,Sheet4!$C:$D,2,FALSE) -> #N/A | I98: #N/A
A99: Santorini airport | B99: Santorini Airport | C99: JTR | D99: 13283 | E99: 22983 | H99: =VLOOKUP(C99,Sheet4!$C:$D,2,FALSE) -> Santorini | I99: JTR
A100: Naxos airport | B100: Naxos Airport | C100: JNX | D100: 13284 | E100: 22984 | H100: =VLOOKUP(C100,Sheet4!$C:$D,2,FALSE) -> #N/A | I100: #N/A
A101: Paros airport | B101: Paros Airport | C101: PAS | D101: 13285 | E101: 22985 | H101: =VLOOKUP(C101,Sheet4!$C:$D,2,FALSE) -> #N/A | I101: #N/A
A102: Mykonos airport | B102: Mykonos Airport | C102: JMK | D102: 13286 | E102: 22986 | H102: =VLOOKUP(C102,Sheet4!$C:$D,2,FALSE) -> #N/A | I102: #N/A
A103: Bordeaux airport | B103: Bordeaux Airport | C103: BOD | D103: 13406 | E103: 23106 | H103: =VLOOKUP(C103,Sheet4!$C:$D,2,FALSE) -> Bordeaux | I103: BOD
A104: Lourdes airport | B104: Lourdes Airport | C104: LDE | D104: 13520 | E104: 23220 | H104: =VLOOKUP(C104,Sheet4!$C:$D,2,FALSE) -> #N/A | I104: #N/A
...

Sheet Sheet4
B1: Airport Name | C1: IATA Code | D1: ocation
B2: - | C2: - | D2: Prévessin-Moëns
B3: - | C3: - | D3: Port-Valais
B4: - | C4: - | D4: Breuil Cervinia
B5: - | C5: - | D5: Meyrin
B6: - | C6: - | D6: Unterseen
B7: - | C7: - | D7: Annemasse Train Station
B8: - | C8: - | D8: Ornex
B9: Bern Airport | C9: BRN | D9: Bern
B10: - | C10: - | D10: Bozel
B11: - | C11: - | D11: La Tour-De-Peilz
B12: - | C12: - | D12: Wettingen
... B556: Teresina Airport | C556: THE | D556: Teresina
